metric,value
Risk Threshold,15167.321000000673
Prob Ever Below,0.4
VaR 5%,330477.28634966206
VaR 1%,274268.39766760665
Mean Final,458777.5881023273
Std Final,80819.12025458018
